{
  "project_info": {
    "project_number": "915680763533",
    "project_id": "favoritos-f505f",
    "storage_bucket": "favoritos-f505f.firebasestorage.app"
  },
  "client": [
    {
      "client_info": {
        "mobilesdk_app_id": "1:915680763533:android:ab3eb794c8528c0f8f0cc4",
        "android_client_info": {
          "package_name": "ipca.example.favoritos"
        }
      },
      "oauth_client": [],
      "api_key": [
        {
          "current_key": "AIzaSyAXTw9SIgbV8sZhXfQVsvRCprQ1PEv6jf0"
        }
      ],
      "services": {
        "appinvite_service": {
          "other_platform_oauth_client": []
        }
      }
    }
  ],
  "configuration_version": "1"
}